,_id,fecha_de_negociacion,producto_de_mibgas,precios_de_los_productos_mibgas
2603,2604,2018-12-31,Producto mensual M+1,24.1
2608,2609,2019-01-02,Producto mensual M+1,23.91
2611,2612,2019-01-03,Producto mensual M+1,24.0
2614,2615,2019-01-04,Producto mensual M+1,24.43
2621,2622,2019-01-07,Producto mensual M+1,24.24
2624,2625,2019-01-08,Producto mensual M+1,24.38
2627,2628,2019-01-09,Producto mensual M+1,24.42
2630,2631,2019-01-10,Producto mensual M+1,23.96
2633,2634,2019-01-11,Producto mensual M+1,24.6
2641,2642,2019-01-14,Producto mensual M+1,24.15
2645,2646,2019-01-15,Producto mensual M+1,24.27
2650,2651,2019-01-16,Producto mensual M+1,24.46
2654,2655,2019-01-17,Producto mensual M+1,24.94
2658,2659,2019-01-18,Producto mensual M+1,25.12
2666,2667,2019-01-21,Producto mensual M+1,24.12
2669,2670,2019-01-22,Producto mensual M+1,24.41
2672,2673,2019-01-23,Producto mensual M+1,24.5
2675,2676,2019-01-24,Producto mensual M+1,24.2
2679,2680,2019-01-25,Producto mensual M+1,23.61
2687,2688,2019-01-28,Producto mensual M+1,23.48
2691,2692,2019-01-29,Producto mensual M+1,23.09
2695,2696,2019-01-30,Producto mensual M+1,23.37
2699,2700,2019-01-31,Producto mensual M+1,22.73
2704,2705,2019-02-01,Producto mensual M+1,21.43
2711,2712,2019-02-04,Producto mensual M+1,20.91
2714,2715,2019-02-05,Producto mensual M+1,21.25
2717,2718,2019-02-06,Producto mensual M+1,21.25
2720,2721,2019-02-07,Producto mensual M+1,21.26
2723,2724,2019-02-08,Producto mensual M+1,20.83
2730,2731,2019-02-11,Producto mensual M+1,20.1
2733,2734,2019-02-12,Producto mensual M+1,20.1
2736,2737,2019-02-13,Producto mensual M+1,20.15
2739,2740,2019-02-14,Producto mensual M+1,20.15
2742,2743,2019-02-15,Producto mensual M+1,20.14
2749,2750,2019-02-18,Producto mensual M+1,20.09
2752,2753,2019-02-19,Producto mensual M+1,19.84
2755,2756,2019-02-20,Producto mensual M+1,20.35
2758,2759,2019-02-21,Producto mensual M+1,20.14
2762,2763,2019-02-22,Producto mensual M+1,19.8
2769,2770,2019-02-25,Producto mensual M+1,19.46
2773,2774,2019-02-26,Producto mensual M+1,19.47
2777,2778,2019-02-27,Producto mensual M+1,19.37
2781,2782,2019-02-28,Producto mensual M+1,19.29
2785,2786,2019-03-01,Producto mensual M+1,19.02
2792,2793,2019-03-04,Producto mensual M+1,18.91
2796,2797,2019-03-05,Producto mensual M+1,18.97
2800,2801,2019-03-06,Producto mensual M+1,18.72
2805,2806,2019-03-07,Producto mensual M+1,18.34
2808,2809,2019-03-08,Producto mensual M+1,18.56
2816,2817,2019-03-11,Producto mensual M+1,18.2
2822,2823,2019-03-12,Producto mensual M+1,17.86
2826,2827,2019-03-13,Producto mensual M+1,17.36
2830,2831,2019-03-14,Producto mensual M+1,17.24
2834,2835,2019-03-15,Producto mensual M+1,16.79
2843,2844,2019-03-18,Producto mensual M+1,16.58
2847,2848,2019-03-19,Producto mensual M+1,16.55
2851,2852,2019-03-20,Producto mensual M+1,16.49
2855,2856,2019-03-21,Producto mensual M+1,16.43
2858,2859,2019-03-22,Producto mensual M+1,16.04
2865,2866,2019-03-25,Producto mensual M+1,15.72
2869,2870,2019-03-26,Producto mensual M+1,15.53
2873,2874,2019-03-27,Producto mensual M+1,15.6
2876,2877,2019-03-28,Producto mensual M+1,15.6
2879,2880,2019-03-29,Producto mensual M+1,15.12
2887,2888,2019-04-01,Producto mensual M+1,15.01
2891,2892,2019-04-02,Producto mensual M+1,15.06
2896,2897,2019-04-03,Producto mensual M+1,15.26
2901,2902,2019-04-04,Producto mensual M+1,15.67
2906,2907,2019-04-05,Producto mensual M+1,17.19
2916,2917,2019-04-08,Producto mensual M+1,17.29
2919,2920,2019-04-09,Producto mensual M+1,17.62
2923,2924,2019-04-10,Producto mensual M+1,17.4
2928,2929,2019-04-11,Producto mensual M+1,16.98
2934,2935,2019-04-12,Producto mensual M+1,16.56
2941,2942,2019-04-15,Producto mensual M+1,15.96
2944,2945,2019-04-16,Producto mensual M+1,15.74
2949,2950,2019-04-17,Producto mensual M+1,15.91
2954,2955,2019-04-18,Producto mensual M+1,15.73
2965,2966,2019-04-23,Producto mensual M+1,15.56
2969,2970,2019-04-24,Producto mensual M+1,15.8
2973,2974,2019-04-25,Producto mensual M+1,15.91
2976,2977,2019-04-26,Producto mensual M+1,16.07
2985,2986,2019-04-29,Producto mensual M+1,16.15
2990,2991,2019-04-30,Producto mensual M+1,15.95
2997,2998,2019-05-02,Producto mensual M+1,15.85
3001,3002,2019-05-03,Producto mensual M+1,15.79
3010,3011,2019-05-07,Producto mensual M+1,15.6
3014,3015,2019-05-08,Producto mensual M+1,15.45
3017,3018,2019-05-09,Producto mensual M+1,15.95
3022,3023,2019-05-10,Producto mensual M+1,15.46
3031,3032,2019-05-13,Producto mensual M+1,15.06
3037,3038,2019-05-14,Producto mensual M+1,14.77
3043,3044,2019-05-15,Producto mensual M+1,14.8
3049,3050,2019-05-17,Producto mensual M+1,14.33
3058,3059,2019-05-20,Producto mensual M+1,14.26
3062,3063,2019-05-21,Producto mensual M+1,14.01
3066,3067,2019-05-22,Producto mensual M+1,14.25
3070,3071,2019-05-23,Producto mensual M+1,14.06
3074,3075,2019-05-24,Producto mensual M+1,13.8
3085,3086,2019-05-28,Producto mensual M+1,13.93
3090,3091,2019-05-29,Producto mensual M+1,13.87
3093,3094,2019-05-30,Producto mensual M+1,13.64
3097,3098,2019-05-31,Producto mensual M+1,13.28
3105,3106,2019-06-03,Producto mensual M+1,13.57
3110,3111,2019-06-04,Producto mensual M+1,14.05
3114,3115,2019-06-05,Producto mensual M+1,13.85
3121,3122,2019-06-06,Producto mensual M+1,13.63
3135,3136,2019-06-10,Producto mensual M+1,13.8
3140,3141,2019-06-11,Producto mensual M+1,13.72
3145,3146,2019-06-12,Producto mensual M+1,13.36
3150,3151,2019-06-13,Producto mensual M+1,13.7
3155,3156,2019-06-14,Producto mensual M+1,13.7
3162,3163,2019-06-17,Producto mensual M+1,13.81
3167,3168,2019-06-18,Producto mensual M+1,13.33
3171,3172,2019-06-19,Producto mensual M+1,13.11
3175,3176,2019-06-20,Producto mensual M+1,12.98
3179,3180,2019-06-21,Producto mensual M+1,12.99
3186,3187,2019-06-24,Producto mensual M+1,13.5
3191,3192,2019-06-25,Producto mensual M+1,13.34
3196,3197,2019-06-26,Producto mensual M+1,13.33
3200,3201,2019-06-27,Producto mensual M+1,13.32
3204,3205,2019-06-28,Producto mensual M+1,13.24
3213,3214,2019-07-01,Producto mensual M+1,13.52
3218,3219,2019-07-02,Producto mensual M+1,13.87
3222,3223,2019-07-03,Producto mensual M+1,13.82
3226,3227,2019-07-04,Producto mensual M+1,13.93
3229,3230,2019-07-05,Producto mensual M+1,13.67
3237,3238,2019-07-08,Producto mensual M+1,14.49
3242,3243,2019-07-09,Producto mensual M+1,14.11
3248,3249,2019-07-10,Producto mensual M+1,13.92
3253,3254,2019-07-11,Producto mensual M+1,14.72
3257,3258,2019-07-12,Producto mensual M+1,15.16
3266,3267,2019-07-15,Producto mensual M+1,15.73
3271,3272,2019-07-16,Producto mensual M+1,14.49
3278,3279,2019-07-17,Producto mensual M+1,13.92
3283,3284,2019-07-18,Producto mensual M+1,13.57
3287,3288,2019-07-19,Producto mensual M+1,13.36
3295,3296,2019-07-22,Producto mensual M+1,13.39
3300,3301,2019-07-23,Producto mensual M+1,12.86
3304,3305,2019-07-24,Producto mensual M+1,12.6
3308,3309,2019-07-25,Producto mensual M+1,11.89
3312,3313,2019-07-26,Producto mensual M+1,11.82
3319,3320,2019-07-29,Producto mensual M+1,11.59
3323,3324,2019-07-30,Producto mensual M+1,11.32
3328,3329,2019-07-31,Producto mensual M+1,11.64
3332,3333,2019-08-01,Producto mensual M+1,13.35
3336,3337,2019-08-02,Producto mensual M+1,13.47
3344,3345,2019-08-05,Producto mensual M+1,13.11
3350,3351,2019-08-07,Producto mensual M+1,13.07
3353,3354,2019-08-08,Producto mensual M+1,13.18
3358,3359,2019-08-09,Producto mensual M+1,13.31
3368,3369,2019-08-12,Producto mensual M+1,12.94
3372,3373,2019-08-13,Producto mensual M+1,12.84
3377,3378,2019-08-14,Producto mensual M+1,12.66
3382,3383,2019-08-15,Producto mensual M+1,12.58
3391,3392,2019-08-19,Producto mensual M+1,12.26
3396,3397,2019-08-20,Producto mensual M+1,12.5
3400,3401,2019-08-21,Producto mensual M+1,12.72
3403,3404,2019-08-22,Producto mensual M+1,12.73
3406,3407,2019-08-23,Producto mensual M+1,12.6
3414,3415,2019-08-26,Producto mensual M+1,12.8
3417,3418,2019-08-27,Producto mensual M+1,12.49
3422,3423,2019-08-28,Producto mensual M+1,12.49
3426,3427,2019-08-29,Producto mensual M+1,12.49
3431,3432,2019-08-30,Producto mensual M+1,12.54
3439,3440,2019-09-02,Producto mensual M+1,13.38
3443,3444,2019-09-03,Producto mensual M+1,13.25
3446,3447,2019-09-04,Producto mensual M+1,13.39
3450,3451,2019-09-05,Producto mensual M+1,13.24
3454,3455,2019-09-06,Producto mensual M+1,13.56
3463,3464,2019-09-09,Producto mensual M+1,13.89
3466,3467,2019-09-10,Producto mensual M+1,15.02
3471,3472,2019-09-11,Producto mensual M+1,15.26
3476,3477,2019-09-12,Producto mensual M+1,15.37
3480,3481,2019-09-13,Producto mensual M+1,16.07
3487,3488,2019-09-16,Producto mensual M+1,16.0
3491,3492,2019-09-17,Producto mensual M+1,15.24
3495,3496,2019-09-18,Producto mensual M+1,14.23
3498,3499,2019-09-19,Producto mensual M+1,14.67
3509,3510,2019-09-23,Producto mensual M+1,13.77
3513,3514,2019-09-24,Producto mensual M+1,13.92
3517,3518,2019-09-25,Producto mensual M+1,13.64
3523,3524,2019-09-26,Producto mensual M+1,13.93
3529,3530,2019-09-27,Producto mensual M+1,14.04
3537,3538,2019-09-30,Producto mensual M+1,14.59
3542,3543,2019-10-01,Producto mensual M+1,17.18
3546,3547,2019-10-02,Producto mensual M+1,17.0
3552,3553,2019-10-03,Producto mensual M+1,16.8
3558,3559,2019-10-04,Producto mensual M+1,16.6
3568,3569,2019-10-07,Producto mensual M+1,16.3
3578,3579,2019-10-09,Producto mensual M+1,16.66
3582,3583,2019-10-10,Producto mensual M+1,16.63
3585,3586,2019-10-11,Producto mensual M+1,17.0
3592,3593,2019-10-14,Producto mensual M+1,17.01
3596,3597,2019-10-15,Producto mensual M+1,17.18
3600,3601,2019-10-16,Producto mensual M+1,17.21
3603,3604,2019-10-17,Producto mensual M+1,16.8
3606,3607,2019-10-18,Producto mensual M+1,17.11
3614,3615,2019-10-21,Producto mensual M+1,16.88
3619,3620,2019-10-22,Producto mensual M+1,16.68
3624,3625,2019-10-23,Producto mensual M+1,16.31
3628,3629,2019-10-24,Producto mensual M+1,16.31
3631,3632,2019-10-25,Producto mensual M+1,16.1
3639,3640,2019-10-28,Producto mensual M+1,15.3
3644,3645,2019-10-29,Producto mensual M+1,14.75
3647,3648,2019-10-30,Producto mensual M+1,14.29
3652,3653,2019-10-31,Producto mensual M+1,13.41
3656,3657,2019-11-01,Producto mensual M+1,16.15
3663,3664,2019-11-04,Producto mensual M+1,15.92
3666,3667,2019-11-05,Producto mensual M+1,16.2
3670,3671,2019-11-06,Producto mensual M+1,16.14
3674,3675,2019-11-07,Producto mensual M+1,15.8
3678,3679,2019-11-08,Producto mensual M+1,15.75
3687,3688,2019-11-11,Producto mensual M+1,16.18
3691,3692,2019-11-12,Producto mensual M+1,15.5
3695,3696,2019-11-13,Producto mensual M+1,15.23
3699,3700,2019-11-14,Producto mensual M+1,15.21
3705,3706,2019-11-15,Producto mensual M+1,15.15
3712,3713,2019-11-18,Producto mensual M+1,15.15
3716,3717,2019-11-19,Producto mensual M+1,15.03
3720,3721,2019-11-20,Producto mensual M+1,15.2
3726,3727,2019-11-21,Producto mensual M+1,15.29
3729,3730,2019-11-22,Producto mensual M+1,15.62
3737,3738,2019-11-25,Producto mensual M+1,15.88
3741,3742,2019-11-26,Producto mensual M+1,15.42
3748,3749,2019-11-27,Producto mensual M+1,15.63
3752,3753,2019-11-28,Producto mensual M+1,15.28
3759,3760,2019-11-29,Producto mensual M+1,15.16
3768,3769,2019-12-02,Producto mensual M+1,15.79
3773,3774,2019-12-03,Producto mensual M+1,15.35
3779,3780,2019-12-04,Producto mensual M+1,15.11
3785,3786,2019-12-05,Producto mensual M+1,14.81
3796,3797,2019-12-09,Producto mensual M+1,14.78
3801,3802,2019-12-11,Producto mensual M+1,14.01
3808,3809,2019-12-12,Producto mensual M+1,14.07
3813,3814,2019-12-13,Producto mensual M+1,13.85
3822,3823,2019-12-17,Producto mensual M+1,14.01
3827,3828,2019-12-18,Producto mensual M+1,14.57
3831,3832,2019-12-19,Producto mensual M+1,14.39
3836,3837,2019-12-20,Producto mensual M+1,13.2
3845,3846,2019-12-23,Producto mensual M+1,12.71
3848,3849,2019-12-24,Producto mensual M+1,12.5
3856,3857,2019-12-27,Producto mensual M+1,12.27
3863,3864,2019-12-30,Producto mensual M+1,12.35
3866,3867,2019-12-31,Producto mensual M+1,11.8
3871,3872,2020-01-02,Producto mensual M+1,12.0
3874,3875,2020-01-03,Producto mensual M+1,12.63
3883,3884,2020-01-07,Producto mensual M+1,12.04
3888,3889,2020-01-08,Producto mensual M+1,12.27
3892,3893,2020-01-09,Producto mensual M+1,12.49
3895,3896,2020-01-10,Producto mensual M+1,12.48
3903,3904,2020-01-13,Producto mensual M+1,12.72
3907,3908,2020-01-14,Producto mensual M+1,12.14
3911,3912,2020-01-15,Producto mensual M+1,12.02
3915,3916,2020-01-16,Producto mensual M+1,12.1
3919,3920,2020-01-17,Producto mensual M+1,12.09
3926,3927,2020-01-20,Producto mensual M+1,11.67
3933,3934,2020-01-22,Producto mensual M+1,11.79
3939,3940,2020-01-23,Producto mensual M+1,11.91
3944,3945,2020-01-24,Producto mensual M+1,12.11
3951,3952,2020-01-27,Producto mensual M+1,11.98
3954,3955,2020-01-28,Producto mensual M+1,12.26
3957,3958,2020-01-29,Producto mensual M+1,11.77
3963,3964,2020-01-30,Producto mensual M+1,11.14
3967,3968,2020-01-31,Producto mensual M+1,10.4
3976,3977,2020-02-03,Producto mensual M+1,9.85
3979,3980,2020-02-04,Producto mensual M+1,9.79
3984,3985,2020-02-05,Producto mensual M+1,9.75
3988,3989,2020-02-06,Producto mensual M+1,9.62
3992,3993,2020-02-07,Producto mensual M+1,9.69
3999,4000,2020-02-10,Producto mensual M+1,9.25
4002,4003,2020-02-11,Producto mensual M+1,9.29
4007,4008,2020-02-12,Producto mensual M+1,9.52
4011,4012,2020-02-13,Producto mensual M+1,9.4
4016,4017,2020-02-14,Producto mensual M+1,9.48
4024,4025,2020-02-17,Producto mensual M+1,9.52
4030,4031,2020-02-18,Producto mensual M+1,9.84
4035,4036,2020-02-19,Producto mensual M+1,9.69
4038,4039,2020-02-20,Producto mensual M+1,9.9
4043,4044,2020-02-21,Producto mensual M+1,9.78
4053,4054,2020-02-24,Producto mensual M+1,9.59
4057,4058,2020-02-25,Producto mensual M+1,9.55
4060,4061,2020-02-26,Producto mensual M+1,9.65
4064,4065,2020-02-27,Producto mensual M+1,9.47
4069,4070,2020-02-28,Producto mensual M+1,9.14
4076,4077,2020-03-02,Producto mensual M+1,9.26
4082,4083,2020-03-03,Producto mensual M+1,9.32
4086,4087,2020-03-04,Producto mensual M+1,9.24
4089,4090,2020-03-05,Producto mensual M+1,9.2
4092,4093,2020-03-06,Producto mensual M+1,9.16
4099,4100,2020-03-09,Producto mensual M+1,8.99
4103,4104,2020-03-10,Producto mensual M+1,9.36
4107,4108,2020-03-11,Producto mensual M+1,9.58
4110,4111,2020-03-12,Producto mensual M+1,9.61
4113,4114,2020-03-13,Producto mensual M+1,9.7
4121,4122,2020-03-16,Producto mensual M+1,9.58
4125,4126,2020-03-17,Producto mensual M+1,9.22
4128,4129,2020-03-18,Producto mensual M+1,8.83
4131,4132,2020-03-19,Producto mensual M+1,8.84
4136,4137,2020-03-20,Producto mensual M+1,8.62
4145,4146,2020-03-23,Producto mensual M+1,8.0
4149,4150,2020-03-24,Producto mensual M+1,8.12
4153,4154,2020-03-25,Producto mensual M+1,7.76
4158,4159,2020-03-26,Producto mensual M+1,7.43
4163,4164,2020-03-27,Producto mensual M+1,7.19
4172,4173,2020-03-30,Producto mensual M+1,6.84
4175,4176,2020-03-31,Producto mensual M+1,6.87
4181,4182,2020-04-02,Producto mensual M+1,7.01
4187,4188,2020-04-03,Producto mensual M+1,7.05
4196,4197,2020-04-06,Producto mensual M+1,7.38
4201,4202,2020-04-07,Producto mensual M+1,7.85
4206,4207,2020-04-08,Producto mensual M+1,8.0
4211,4212,2020-04-09,Producto mensual M+1,7.98
4222,4223,2020-04-14,Producto mensual M+1,7.92
4226,4227,2020-04-15,Producto mensual M+1,7.45
4230,4231,2020-04-16,Producto mensual M+1,7.63
4246,4247,2020-04-21,Producto mensual M+1,7.1
4251,4252,2020-04-22,Producto mensual M+1,6.95
4257,4258,2020-04-23,Producto mensual M+1,6.54
4262,4263,2020-04-24,Producto mensual M+1,6.24
4270,4271,2020-04-27,Producto mensual M+1,6.19
4276,4277,2020-04-28,Producto mensual M+1,6.34
4281,4282,2020-04-29,Producto mensual M+1,6.45
4285,4286,2020-04-30,Producto mensual M+1,6.15
4295,4296,2020-05-04,Producto mensual M+1,6.39
4298,4299,2020-05-05,Producto mensual M+1,6.27
4301,4302,2020-05-06,Producto mensual M+1,5.94
4306,4307,2020-05-07,Producto mensual M+1,6.03
4309,4310,2020-05-08,Producto mensual M+1,6.26
4316,4317,2020-05-11,Producto mensual M+1,6.21
4320,4321,2020-05-12,Producto mensual M+1,5.96
4323,4324,2020-05-13,Producto mensual M+1,5.64
4327,4328,2020-05-14,Producto mensual M+1,5.85
4330,4331,2020-05-15,Producto mensual M+1,5.83
4337,4338,2020-05-18,Producto mensual M+1,5.68
4340,4341,2020-05-19,Producto mensual M+1,5.65
4343,4344,2020-05-20,Producto mensual M+1,5.46
4347,4348,2020-05-21,Producto mensual M+1,4.95
4350,4351,2020-05-22,Producto mensual M+1,4.61
4361,4362,2020-05-25,Producto mensual M+1,5.31
4364,4365,2020-05-26,Producto mensual M+1,5.51
4368,4369,2020-05-27,Producto mensual M+1,4.91
4371,4372,2020-05-28,Producto mensual M+1,4.79
4374,4375,2020-05-29,Producto mensual M+1,5.19
4384,4385,2020-06-02,Producto mensual M+1,6.24
4388,4389,2020-06-03,Producto mensual M+1,6.69
4392,4393,2020-06-04,Producto mensual M+1,6.63
4396,4397,2020-06-05,Producto mensual M+1,6.89
4404,4405,2020-06-08,Producto mensual M+1,6.9
4410,4411,2020-06-09,Producto mensual M+1,6.6
4416,4417,2020-06-10,Producto mensual M+1,6.31
4421,4422,2020-06-11,Producto mensual M+1,6.48
4426,4427,2020-06-12,Producto mensual M+1,6.81
4434,4435,2020-06-15,Producto mensual M+1,7.06
4439,4440,2020-06-16,Producto mensual M+1,7.08
4442,4443,2020-06-17,Producto mensual M+1,7.15
4445,4446,2020-06-18,Producto mensual M+1,7.4
4459,4460,2020-06-24,Producto mensual M+1,7.52
4473,4474,2020-06-29,Producto mensual M+1,7.39
4477,4478,2020-06-30,Producto mensual M+1,7.74
4481,4482,2020-07-01,Producto mensual M+1,7.57
4508,4509,2020-07-10,Producto mensual M+1,7.05
4515,4516,2020-07-13,Producto mensual M+1,6.75
4518,4519,2020-07-14,Producto mensual M+1,6.55
4522,4523,2020-07-15,Producto mensual M+1,6.65
4526,4527,2020-07-16,Producto mensual M+1,6.4
4539,4540,2020-07-21,Producto mensual M+1,6.75
4543,4544,2020-07-22,Producto mensual M+1,6.75
4556,4557,2020-07-27,Producto mensual M+1,6.71
4560,4561,2020-07-28,Producto mensual M+1,6.95
4563,4564,2020-07-29,Producto mensual M+1,6.95
4567,4568,2020-07-30,Producto mensual M+1,7.04
4571,4572,2020-07-31,Producto mensual M+1,7.23
4579,4580,2020-08-03,Producto mensual M+1,8.6
4583,4584,2020-08-04,Producto mensual M+1,9.5
4586,4587,2020-08-05,Producto mensual M+1,9.5
4590,4591,2020-08-06,Producto mensual M+1,9.84
4593,4594,2020-08-07,Producto mensual M+1,10.02
4601,4602,2020-08-10,Producto mensual M+1,9.91
4605,4606,2020-08-11,Producto mensual M+1,9.95
4609,4610,2020-08-12,Producto mensual M+1,9.34
4614,4615,2020-08-13,Producto mensual M+1,9.5
4617,4618,2020-08-14,Producto mensual M+1,9.96
4625,4626,2020-08-17,Producto mensual M+1,10.46
4628,4629,2020-08-18,Producto mensual M+1,10.66
4631,4632,2020-08-19,Producto mensual M+1,10.86
4635,4636,2020-08-20,Producto mensual M+1,10.43
4638,4639,2020-08-21,Producto mensual M+1,9.99
4646,4647,2020-08-24,Producto mensual M+1,10.6
4649,4650,2020-08-25,Producto mensual M+1,11.31
4653,4654,2020-08-26,Producto mensual M+1,12.37
4657,4658,2020-08-27,Producto mensual M+1,11.88
4660,4661,2020-08-28,Producto mensual M+1,12.23
4667,4668,2020-08-31,Producto mensual M+1,12.65
4671,4672,2020-09-01,Producto mensual M+1,13.06
4675,4676,2020-09-02,Producto mensual M+1,12.53
4678,4679,2020-09-03,Producto mensual M+1,12.98
4689,4690,2020-09-07,Producto mensual M+1,12.62
4692,4693,2020-09-08,Producto mensual M+1,12.28
4698,4699,2020-09-10,Producto mensual M+1,11.7
4707,4708,2020-09-14,Producto mensual M+1,11.75
4716,4717,2020-09-17,Producto mensual M+1,12.15
4719,4720,2020-09-18,Producto mensual M+1,11.81
4727,4728,2020-09-21,Producto mensual M+1,12.12
4730,4731,2020-09-22,Producto mensual M+1,11.9
4736,4737,2020-09-24,Producto mensual M+1,12.25
4739,4740,2020-09-25,Producto mensual M+1,11.98
4746,4747,2020-09-28,Producto mensual M+1,12.21
4751,4752,2020-09-29,Producto mensual M+1,12.59
4755,4756,2020-09-30,Producto mensual M+1,12.02
4760,4761,2020-10-01,Producto mensual M+1,13.52
4763,4764,2020-10-02,Producto mensual M+1,13.45
4770,4771,2020-10-05,Producto mensual M+1,13.7
4773,4774,2020-10-06,Producto mensual M+1,13.66
4777,4778,2020-10-07,Producto mensual M+1,13.81
4780,4781,2020-10-08,Producto mensual M+1,14.13
4783,4784,2020-10-09,Producto mensual M+1,13.9
4790,4791,2020-10-12,Producto mensual M+1,14.05
4793,4794,2020-10-13,Producto mensual M+1,13.78
4798,4799,2020-10-14,Producto mensual M+1,13.93
4802,4803,2020-10-15,Producto mensual M+1,14.26
4806,4807,2020-10-16,Producto mensual M+1,14.64
4813,4814,2020-10-19,Producto mensual M+1,15.13
4817,4818,2020-10-20,Producto mensual M+1,15.14
4821,4822,2020-10-21,Producto mensual M+1,15.33
4825,4826,2020-10-22,Producto mensual M+1,15.52
4829,4830,2020-10-23,Producto mensual M+1,15.94
4838,4839,2020-10-26,Producto mensual M+1,15.38
4842,4843,2020-10-27,Producto mensual M+1,14.99
4847,4848,2020-10-28,Producto mensual M+1,14.91
4851,4852,2020-10-29,Producto mensual M+1,14.57
4856,4857,2020-10-30,Producto mensual M+1,14.21
4864,4865,2020-11-02,Producto mensual M+1,14.01
4867,4868,2020-11-03,Producto mensual M+1,14.35
4872,4873,2020-11-04,Producto mensual M+1,14.36
4875,4876,2020-11-05,Producto mensual M+1,14.86
4879,4880,2020-11-06,Producto mensual M+1,14.48
4887,4888,2020-11-09,Producto mensual M+1,14.33
4890,4891,2020-11-10,Producto mensual M+1,14.48
4893,4894,2020-11-11,Producto mensual M+1,14.88
4897,4898,2020-11-12,Producto mensual M+1,14.75
4901,4902,2020-11-13,Producto mensual M+1,14.91
4908,4909,2020-11-16,Producto mensual M+1,15.35
4915,4916,2020-11-18,Producto mensual M+1,14.46
4919,4920,2020-11-19,Producto mensual M+1,13.92
4924,4925,2020-11-20,Producto mensual M+1,13.6
4932,4933,2020-11-23,Producto mensual M+1,14.74
4936,4937,2020-11-24,Producto mensual M+1,15.02
4940,4941,2020-11-25,Producto mensual M+1,15.5
4943,4944,2020-11-26,Producto mensual M+1,15.31
4947,4948,2020-11-27,Producto mensual M+1,15.7
4955,4956,2020-11-30,Producto mensual M+1,16.44
4958,4959,2020-12-01,Producto mensual M+1,16.48
4966,4967,2020-12-03,Producto mensual M+1,15.97
4977,4978,2020-12-07,Producto mensual M+1,15.69
4983,4984,2020-12-09,Producto mensual M+1,16.44
4988,4989,2020-12-10,Producto mensual M+1,17.32
4992,4993,2020-12-11,Producto mensual M+1,17.72
5001,5002,2020-12-14,Producto mensual M+1,19.13
5004,5005,2020-12-15,Producto mensual M+1,19.39
5008,5009,2020-12-16,Producto mensual M+1,19.22
5013,5014,2020-12-17,Producto mensual M+1,18.55
5016,5017,2020-12-18,Producto mensual M+1,18.5
5025,5026,2020-12-21,Producto mensual M+1,18.84
5029,5030,2020-12-22,Producto mensual M+1,19.77
5034,5035,2020-12-23,Producto mensual M+1,20.01
5046,5047,2020-12-28,Producto mensual M+1,21.06
5051,5052,2020-12-29,Producto mensual M+1,20.87
5056,5057,2020-12-30,Producto mensual M+1,21.47
5059,5060,2020-12-31,Producto mensual M+1,21.57
5068,5069,2021-01-04,Producto mensual M+1,22.87
5071,5072,2021-01-05,Producto mensual M+1,22.97
5074,5075,2021-01-06,Producto mensual M+1,24.93
5077,5078,2021-01-07,Producto mensual M+1,28.85
5080,5081,2021-01-08,Producto mensual M+1,33.99
5087,5088,2021-01-11,Producto mensual M+1,27.47
5090,5091,2021-01-12,Producto mensual M+1,32.7
5093,5094,2021-01-13,Producto mensual M+1,27.66
5097,5098,2021-01-14,Producto mensual M+1,25.6
5100,5101,2021-01-15,Producto mensual M+1,24.76
5107,5108,2021-01-18,Producto mensual M+1,23.59
5111,5112,2021-01-19,Producto mensual M+1,23.25
5114,5115,2021-01-20,Producto mensual M+1,23.64
5119,5120,2021-01-21,Producto mensual M+1,22.37
5123,5124,2021-01-22,Producto mensual M+1,22.82
5130,5131,2021-01-25,Producto mensual M+1,22.45
5133,5134,2021-01-26,Producto mensual M+1,21.39
5137,5138,2021-01-27,Producto mensual M+1,21.01
5141,5142,2021-01-28,Producto mensual M+1,21.22
5144,5145,2021-01-29,Producto mensual M+1,20.45
5153,5154,2021-02-01,Producto mensual M+1,18.63
5158,5159,2021-02-02,Producto mensual M+1,18.17
5161,5162,2021-02-03,Producto mensual M+1,17.38
5165,5166,2021-02-04,Producto mensual M+1,17.91
5168,5169,2021-02-05,Producto mensual M+1,18.23
5177,5178,2021-02-08,Producto mensual M+1,19.35
5181,5182,2021-02-09,Producto mensual M+1,18.24
5188,5189,2021-02-11,Producto mensual M+1,16.68
5193,5194,2021-02-12,Producto mensual M+1,16.7
5201,5202,2021-02-15,Producto mensual M+1,16.04
5205,5206,2021-02-16,Producto mensual M+1,16.09
5209,5210,2021-02-17,Producto mensual M+1,16.26
5213,5214,2021-02-18,Producto mensual M+1,16.27
5216,5217,2021-02-19,Producto mensual M+1,16.25
5223,5224,2021-02-22,Producto mensual M+1,15.56
5226,5227,2021-02-23,Producto mensual M+1,15.85
5229,5230,2021-02-24,Producto mensual M+1,15.95
5235,5236,2021-02-25,Producto mensual M+1,15.52
5238,5239,2021-02-26,Producto mensual M+1,15.7
5249,5250,2021-03-03,Producto mensual M+1,15.55
5252,5253,2021-03-04,Producto mensual M+1,15.7
5255,5256,2021-03-05,Producto mensual M+1,16.08
5263,5264,2021-03-08,Producto mensual M+1,16.3
5267,5268,2021-03-09,Producto mensual M+1,16.44
5271,5272,2021-03-10,Producto mensual M+1,17.14
5274,5275,2021-03-11,Producto mensual M+1,17.29
5278,5279,2021-03-12,Producto mensual M+1,17.51
5285,5286,2021-03-15,Producto mensual M+1,17.89
5289,5290,2021-03-16,Producto mensual M+1,16.82
5295,5296,2021-03-17,Producto mensual M+1,17.0
5301,5302,2021-03-18,Producto mensual M+1,17.26
5306,5307,2021-03-19,Producto mensual M+1,16.8
5313,5314,2021-03-22,Producto mensual M+1,17.15
5317,5318,2021-03-23,Producto mensual M+1,17.4
5321,5322,2021-03-24,Producto mensual M+1,17.82
5325,5326,2021-03-25,Producto mensual M+1,18.05
5330,5331,2021-03-26,Producto mensual M+1,18.22
5340,5341,2021-03-29,Producto mensual M+1,18.15
5345,5346,2021-03-30,Producto mensual M+1,18.37
5350,5351,2021-03-31,Producto mensual M+1,18.67
5365,5366,2021-04-06,Producto mensual M+1,19.46
5369,5370,2021-04-07,Producto mensual M+1,19.23
5373,5374,2021-04-08,Producto mensual M+1,19.28
5377,5378,2021-04-09,Producto mensual M+1,19.15
5385,5386,2021-04-12,Producto mensual M+1,19.69
5389,5390,2021-04-13,Producto mensual M+1,20.04
5397,5398,2021-04-15,Producto mensual M+1,20.4
5402,5403,2021-04-16,Producto mensual M+1,20.93
5411,5412,2021-04-19,Producto mensual M+1,21.3
5415,5416,2021-04-20,Producto mensual M+1,21.55
5420,5421,2021-04-21,Producto mensual M+1,21.37
5424,5425,2021-04-22,Producto mensual M+1,21.84
5427,5428,2021-04-23,Producto mensual M+1,20.36
5436,5437,2021-04-26,Producto mensual M+1,20.72
5440,5441,2021-04-27,Producto mensual M+1,21.41
5446,5447,2021-04-28,Producto mensual M+1,22.04
5451,5452,2021-04-29,Producto mensual M+1,22.47
5456,5457,2021-04-30,Producto mensual M+1,23.1
5466,5467,2021-05-04,Producto mensual M+1,24.45
5471,5472,2021-05-05,Producto mensual M+1,24.36
5474,5475,2021-05-06,Producto mensual M+1,25.15
5478,5479,2021-05-07,Producto mensual M+1,24.3
5485,5486,2021-05-10,Producto mensual M+1,25.45
5488,5489,2021-05-11,Producto mensual M+1,25.82
5493,5494,2021-05-12,Producto mensual M+1,26.59
5498,5499,2021-05-13,Producto mensual M+1,25.99
5502,5503,2021-05-14,Producto mensual M+1,26.84
5509,5510,2021-05-17,Producto mensual M+1,26.4
5512,5513,2021-05-18,Producto mensual M+1,25.3
5516,5517,2021-05-19,Producto mensual M+1,23.77
5520,5521,2021-05-20,Producto mensual M+1,24.03
5525,5526,2021-05-21,Producto mensual M+1,25.21
5533,5534,2021-05-24,Producto mensual M+1,24.44
5536,5537,2021-05-25,Producto mensual M+1,25.75
5540,5541,2021-05-26,Producto mensual M+1,26.47
5543,5544,2021-05-27,Producto mensual M+1,25.75
5547,5548,2021-05-28,Producto mensual M+1,25.38
5554,5555,2021-05-31,Producto mensual M+1,25.84
5557,5558,2021-06-01,Producto mensual M+1,26.76
5560,5561,2021-06-02,Producto mensual M+1,26.38
5563,5564,2021-06-03,Producto mensual M+1,26.67
5566,5567,2021-06-04,Producto mensual M+1,26.5
5573,5574,2021-06-07,Producto mensual M+1,27.19
5578,5579,2021-06-08,Producto mensual M+1,28.41
5582,5583,2021-06-09,Producto mensual M+1,29.12
5586,5587,2021-06-10,Producto mensual M+1,29.17
5591,5592,2021-06-11,Producto mensual M+1,29.47
5598,5599,2021-06-14,Producto mensual M+1,29.83
5603,5604,2021-06-15,Producto mensual M+1,29.44
5607,5608,2021-06-16,Producto mensual M+1,29.22
5612,5613,2021-06-17,Producto mensual M+1,29.08
5616,5617,2021-06-18,Producto mensual M+1,30.06
5625,5626,2021-06-21,Producto mensual M+1,30.48
5630,5631,2021-06-22,Producto mensual M+1,30.91
5636,5637,2021-06-23,Producto mensual M+1,31.88
5640,5641,2021-06-24,Producto mensual M+1,32.18
5645,5646,2021-06-25,Producto mensual M+1,32.47
5654,5655,2021-06-28,Producto mensual M+1,32.56
5657,5658,2021-06-29,Producto mensual M+1,34.05
5662,5663,2021-06-30,Producto mensual M+1,35.06
5666,5667,2021-07-01,Producto mensual M+1,37.41
5671,5672,2021-07-02,Producto mensual M+1,36.85
5680,5681,2021-07-05,Producto mensual M+1,38.66
5685,5686,2021-07-06,Producto mensual M+1,37.42
5688,5689,2021-07-07,Producto mensual M+1,35.78
5692,5693,2021-07-08,Producto mensual M+1,33.08
5697,5698,2021-07-09,Producto mensual M+1,36.59
5707,5708,2021-07-12,Producto mensual M+1,36.07
5710,5711,2021-07-13,Producto mensual M+1,35.62
5714,5715,2021-07-14,Producto mensual M+1,35.16
5718,5719,2021-07-15,Producto mensual M+1,34.59
5721,5722,2021-07-16,Producto mensual M+1,35.41
5728,5729,2021-07-19,Producto mensual M+1,36.78
5732,5733,2021-07-20,Producto mensual M+1,35.42
5735,5736,2021-07-21,Producto mensual M+1,36.38
5738,5739,2021-07-22,Producto mensual M+1,36.59
5741,5742,2021-07-23,Producto mensual M+1,35.92
5749,5750,2021-07-26,Producto mensual M+1,37.13
5752,5753,2021-07-27,Producto mensual M+1,37.92
5755,5756,2021-07-28,Producto mensual M+1,39.45
5760,5761,2021-07-29,Producto mensual M+1,41.04
5765,5766,2021-07-30,Producto mensual M+1,40.78
5774,5775,2021-08-02,Producto mensual M+1,43.23
5778,5779,2021-08-03,Producto mensual M+1,42.78
5783,5784,2021-08-04,Producto mensual M+1,42.91
5787,5788,2021-08-05,Producto mensual M+1,42.88
5791,5792,2021-08-06,Producto mensual M+1,44.4
5798,5799,2021-08-09,Producto mensual M+1,43.75
5801,5802,2021-08-10,Producto mensual M+1,45.24
5807,5808,2021-08-11,Producto mensual M+1,46.08
5813,5814,2021-08-12,Producto mensual M+1,46.75
5818,5819,2021-08-13,Producto mensual M+1,45.84
5826,5827,2021-08-16,Producto mensual M+1,48.12
5830,5831,2021-08-17,Producto mensual M+1,48.04
5835,5836,2021-08-18,Producto mensual M+1,46.48
5839,5840,2021-08-19,Producto mensual M+1,44.13
5842,5843,2021-08-20,Producto mensual M+1,42.08
5849,5850,2021-08-23,Producto mensual M+1,43.53
5853,5854,2021-08-24,Producto mensual M+1,44.91
5858,5859,2021-08-25,Producto mensual M+1,46.45
5862,5863,2021-08-26,Producto mensual M+1,45.56
5865,5866,2021-08-27,Producto mensual M+1,47.51
5872,5873,2021-08-30,Producto mensual M+1,49.53
5876,5877,2021-08-31,Producto mensual M+1,49.83
5881,5882,2021-09-01,Producto mensual M+1,53.63
5885,5886,2021-09-02,Producto mensual M+1,52.19
5889,5890,2021-09-03,Producto mensual M+1,53.56
5896,5897,2021-09-06,Producto mensual M+1,54.54
5900,5901,2021-09-07,Producto mensual M+1,53.88
5904,5905,2021-09-08,Producto mensual M+1,56.33
5907,5908,2021-09-09,Producto mensual M+1,57.98
5910,5911,2021-09-10,Producto mensual M+1,58.99
5918,5919,2021-09-13,Producto mensual M+1,62.59
5924,5925,2021-09-14,Producto mensual M+1,68.02
5928,5929,2021-09-15,Producto mensual M+1,72.26
5931,5932,2021-09-16,Producto mensual M+1,67.9
5934,5935,2021-09-17,Producto mensual M+1,67.41
5941,5942,2021-09-20,Producto mensual M+1,72.43
5944,5945,2021-09-21,Producto mensual M+1,75.91
5948,5949,2021-09-22,Producto mensual M+1,72.71
5952,5953,2021-09-23,Producto mensual M+1,70.02
5956,5957,2021-09-24,Producto mensual M+1,70.92
5963,5964,2021-09-27,Producto mensual M+1,75.84
5967,5968,2021-09-28,Producto mensual M+1,83.08
5970,5971,2021-09-29,Producto mensual M+1,85.26
5974,5975,2021-09-30,Producto mensual M+1,90.0
5977,5978,2021-10-01,Producto mensual M+1,98.5
5985,5986,2021-10-04,Producto mensual M+1,99.87
5989,5990,2021-10-05,Producto mensual M+1,107.89
5994,5995,2021-10-07,Producto mensual M+1,101.5
5997,5998,2021-10-08,Producto mensual M+1,97.5
6004,6005,2021-10-11,Producto mensual M+1,88.43
6007,6008,2021-10-12,Producto mensual M+1,87.28
6010,6011,2021-10-13,Producto mensual M+1,92.55
6013,6014,2021-10-14,Producto mensual M+1,101.13
6016,6017,2021-10-15,Producto mensual M+1,95.58
6023,6024,2021-10-18,Producto mensual M+1,93.15
6027,6028,2021-10-19,Producto mensual M+1,93.33
6031,6032,2021-10-20,Producto mensual M+1,95.37
6034,6035,2021-10-21,Producto mensual M+1,91.71
6038,6039,2021-10-22,Producto mensual M+1,89.8
6045,6046,2021-10-25,Producto mensual M+1,92.18
6049,6050,2021-10-26,Producto mensual M+1,92.07
6053,6054,2021-10-27,Producto mensual M+1,87.3
6057,6058,2021-10-28,Producto mensual M+1,79.26
6061,6062,2021-10-29,Producto mensual M+1,71.14
6069,6070,2021-11-01,Producto mensual M+1,70.66
6072,6073,2021-11-02,Producto mensual M+1,68.05
6075,6076,2021-11-03,Producto mensual M+1,76.55
6078,6079,2021-11-04,Producto mensual M+1,76.66
6081,6082,2021-11-05,Producto mensual M+1,74.0
6088,6089,2021-11-08,Producto mensual M+1,78.41
6091,6092,2021-11-09,Producto mensual M+1,78.18
6094,6095,2021-11-10,Producto mensual M+1,68.37
6097,6098,2021-11-11,Producto mensual M+1,74.22
6100,6101,2021-11-12,Producto mensual M+1,77.26
6109,6110,2021-11-16,Producto mensual M+1,90.57
6112,6113,2021-11-17,Producto mensual M+1,100.86
6115,6116,2021-11-18,Producto mensual M+1,94.19
6118,6119,2021-11-19,Producto mensual M+1,90.44
6125,6126,2021-11-22,Producto mensual M+1,85.67
6128,6129,2021-11-23,Producto mensual M+1,93.36
6131,6132,2021-11-24,Producto mensual M+1,93.47
6134,6135,2021-11-25,Producto mensual M+1,95.95
6137,6138,2021-11-26,Producto mensual M+1,92.11
6144,6145,2021-11-29,Producto mensual M+1,96.78
6147,6148,2021-11-30,Producto mensual M+1,100.73
6150,6151,2021-12-01,Producto mensual M+1,96.39
6153,6154,2021-12-02,Producto mensual M+1,94.31
6156,6157,2021-12-03,Producto mensual M+1,93.48
6163,6164,2021-12-06,Producto mensual M+1,91.41
6166,6167,2021-12-07,Producto mensual M+1,97.84
6169,6170,2021-12-08,Producto mensual M+1,102.85
6172,6173,2021-12-09,Producto mensual M+1,100.79
6175,6176,2021-12-10,Producto mensual M+1,105.49
6182,6183,2021-12-13,Producto mensual M+1,119.07
6185,6186,2021-12-14,Producto mensual M+1,120.57
6188,6189,2021-12-15,Producto mensual M+1,128.89
6191,6192,2021-12-16,Producto mensual M+1,132.7
6201,6202,2021-12-20,Producto mensual M+1,142.98
6204,6205,2021-12-21,Producto mensual M+1,172.0
6207,6208,2021-12-22,Producto mensual M+1,171.0
6218,6219,2021-12-27,Producto mensual M+1,95.81
6221,6222,2021-12-28,Producto mensual M+1,99.6
6224,6225,2021-12-29,Producto mensual M+1,101.88
6227,6228,2021-12-30,Producto mensual M+1,87.56
6231,6232,2021-12-31,Producto mensual M+1,67.07
6238,6239,2022-01-03,Producto mensual M+1,79.5
6241,6242,2022-01-04,Producto mensual M+1,89.33
6245,6246,2022-01-05,Producto mensual M+1,92.31
6256,6257,2022-01-10,Producto mensual M+1,87.64
6259,6260,2022-01-11,Producto mensual M+1,79.5
6264,6265,2022-01-13,Producto mensual M+1,73.33
6273,6274,2022-01-17,Producto mensual M+1,81.79
6277,6278,2022-01-18,Producto mensual M+1,74.98
6280,6281,2022-01-19,Producto mensual M+1,72.11
6283,6284,2022-01-20,Producto mensual M+1,70.54
6292,6293,2022-01-24,Producto mensual M+1,89.58
6295,6296,2022-01-25,Producto mensual M+1,90.85
6298,6299,2022-01-26,Producto mensual M+1,90.06
6301,6302,2022-01-27,Producto mensual M+1,90.24
6304,6305,2022-01-28,Producto mensual M+1,91.65
6311,6312,2022-01-31,Producto mensual M+1,85.91
6314,6315,2022-02-01,Producto mensual M+1,74.55
6317,6318,2022-02-02,Producto mensual M+1,76.23
6320,6321,2022-02-03,Producto mensual M+1,77.02
6325,6326,2022-02-04,Producto mensual M+1,80.33
6333,6334,2022-02-07,Producto mensual M+1,76.99
6337,6338,2022-02-08,Producto mensual M+1,79.51
6341,6342,2022-02-09,Producto mensual M+1,75.37
6345,6346,2022-02-10,Producto mensual M+1,73.97
6348,6349,2022-02-11,Producto mensual M+1,73.9
6355,6356,2022-02-14,Producto mensual M+1,80.98
6360,6361,2022-02-15,Producto mensual M+1,72.64
6363,6364,2022-02-16,Producto mensual M+1,69.39
6366,6367,2022-02-17,Producto mensual M+1,71.99
6369,6370,2022-02-18,Producto mensual M+1,72.1
6376,6377,2022-02-21,Producto mensual M+1,71.03
6380,6381,2022-02-22,Producto mensual M+1,76.25
6383,6384,2022-02-23,Producto mensual M+1,83.49
6395,6396,2022-02-28,Producto mensual M+1,102.87
6399,6400,2022-03-01,Producto mensual M+1,111.54
6404,6405,2022-03-02,Producto mensual M+1,167.17
6411,6412,2022-03-04,Producto mensual M+1,152.06
6421,6422,2022-03-08,Producto mensual M+1,202.0
6427,6428,2022-03-10,Producto mensual M+1,128.75
6430,6431,2022-03-11,Producto mensual M+1,120.0
6437,6438,2022-03-14,Producto mensual M+1,112.01
6440,6441,2022-03-15,Producto mensual M+1,109.83
6443,6444,2022-03-16,Producto mensual M+1,102.21
6446,6447,2022-03-17,Producto mensual M+1,102.52
6449,6450,2022-03-18,Producto mensual M+1,99.82
6456,6457,2022-03-21,Producto mensual M+1,96.31
6459,6460,2022-03-22,Producto mensual M+1,94.69
6462,6463,2022-03-23,Producto mensual M+1,104.14
6465,6466,2022-03-24,Producto mensual M+1,112.02
6468,6469,2022-03-25,Producto mensual M+1,103.61
6476,6477,2022-03-28,Producto mensual M+1,100.03
6479,6480,2022-03-29,Producto mensual M+1,107.48
6483,6484,2022-03-30,Producto mensual M+1,115.85
6486,6487,2022-03-31,Producto mensual M+1,113.77
6490,6491,2022-04-01,Producto mensual M+1,118.12
6497,6498,2022-04-04,Producto mensual M+1,103.76
6500,6501,2022-04-05,Producto mensual M+1,103.64
6504,6505,2022-04-06,Producto mensual M+1,102.67
6507,6508,2022-04-07,Producto mensual M+1,99.02
6511,6512,2022-04-08,Producto mensual M+1,99.84
6518,6519,2022-04-11,Producto mensual M+1,93.97
6521,6522,2022-04-12,Producto mensual M+1,93.26
6524,6525,2022-04-13,Producto mensual M+1,92.82
6528,6529,2022-04-14,Producto mensual M+1,85.88
6539,6540,2022-04-19,Producto mensual M+1,79.61
6543,6544,2022-04-20,Producto mensual M+1,82.24
6546,6547,2022-04-21,Producto mensual M+1,84.3
6551,6552,2022-04-22,Producto mensual M+1,83.63
6558,6559,2022-04-25,Producto mensual M+1,85.12
6561,6562,2022-04-26,Producto mensual M+1,78.36
6564,6565,2022-04-27,Producto mensual M+1,87.12
6567,6568,2022-04-28,Producto mensual M+1,80.23
6570,6571,2022-04-29,Producto mensual M+1,77.03
6578,6579,2022-05-02,Producto mensual M+1,84.87
6581,6582,2022-05-03,Producto mensual M+1,80.7
6584,6585,2022-05-04,Producto mensual M+1,83.09
6587,6588,2022-05-05,Producto mensual M+1,84.03
6590,6591,2022-05-06,Producto mensual M+1,81.52
6597,6598,2022-05-09,Producto mensual M+1,75.39
6600,6601,2022-05-10,Producto mensual M+1,70.13
6603,6604,2022-05-11,Producto mensual M+1,70.51
6606,6607,2022-05-12,Producto mensual M+1,79.3
6609,6610,2022-05-13,Producto mensual M+1,77.14
6616,6617,2022-05-16,Producto mensual M+1,71.94
6619,6620,2022-05-17,Producto mensual M+1,71.27
6622,6623,2022-05-18,Producto mensual M+1,75.3
6625,6626,2022-05-19,Producto mensual M+1,73.37
6628,6629,2022-05-20,Producto mensual M+1,73.08
6635,6636,2022-05-23,Producto mensual M+1,73.17
6638,6639,2022-05-24,Producto mensual M+1,75.0
6641,6642,2022-05-25,Producto mensual M+1,74.85
6644,6645,2022-05-26,Producto mensual M+1,75.39
6648,6649,2022-05-27,Producto mensual M+1,72.15
6657,6658,2022-05-30,Producto mensual M+1,79.43
6661,6662,2022-05-31,Producto mensual M+1,80.48
6665,6666,2022-06-01,Producto mensual M+1,76.36
6669,6670,2022-06-02,Producto mensual M+1,73.87
6672,6673,2022-06-03,Producto mensual M+1,74.69
6679,6680,2022-06-06,Producto mensual M+1,73.9
6682,6683,2022-06-07,Producto mensual M+1,70.06
6685,6686,2022-06-08,Producto mensual M+1,70.12
6689,6690,2022-06-09,Producto mensual M+1,78.47
6693,6694,2022-06-10,Producto mensual M+1,78.39
6700,6701,2022-06-13,Producto mensual M+1,79.52
6703,6704,2022-06-14,Producto mensual M+1,82.49
6707,6708,2022-06-15,Producto mensual M+1,95.76
6711,6712,2022-06-16,Producto mensual M+1,121.59
6715,6716,2022-06-17,Producto mensual M+1,113.0
6722,6723,2022-06-20,Producto mensual M+1,116.19
6726,6727,2022-06-21,Producto mensual M+1,116.14
6732,6733,2022-06-22,Producto mensual M+1,118.46
6737,6738,2022-06-23,Producto mensual M+1,122.71
6741,6742,2022-06-24,Producto mensual M+1,116.83
6749,6750,2022-06-27,Producto mensual M+1,119.34
6752,6753,2022-06-28,Producto mensual M+1,115.26
6755,6756,2022-06-29,Producto mensual M+1,120.34
6759,6760,2022-06-30,Producto mensual M+1,125.16
6763,6764,2022-07-01,Producto mensual M+1,125.93
6770,6771,2022-07-04,Producto mensual M+1,139.07
6774,6775,2022-07-05,Producto mensual M+1,145.0
6777,6778,2022-07-06,Producto mensual M+1,141.03
6780,6781,2022-07-07,Producto mensual M+1,154.47
6783,6784,2022-07-08,Producto mensual M+1,144.33
6791,6792,2022-07-11,Producto mensual M+1,141.82
6794,6795,2022-07-12,Producto mensual M+1,141.2
6797,6798,2022-07-13,Producto mensual M+1,145.91
6800,6801,2022-07-14,Producto mensual M+1,141.09
6804,6805,2022-07-15,Producto mensual M+1,121.13
6811,6812,2022-07-18,Producto mensual M+1,108.33
6815,6816,2022-07-19,Producto mensual M+1,115.58
6818,6819,2022-07-20,Producto mensual M+1,116.65
6821,6822,2022-07-21,Producto mensual M+1,124.04
6825,6826,2022-07-22,Producto mensual M+1,130.12
6833,6834,2022-07-25,Producto mensual M+1,132.66
6836,6837,2022-07-26,Producto mensual M+1,140.84
6839,6840,2022-07-27,Producto mensual M+1,145.73
6843,6844,2022-07-28,Producto mensual M+1,143.05
6847,6848,2022-07-29,Producto mensual M+1,128.98
6854,6855,2022-08-01,Producto mensual M+1,137.0
6857,6858,2022-08-02,Producto mensual M+1,144.96
6860,6861,2022-08-03,Producto mensual M+1,144.79
6863,6864,2022-08-04,Producto mensual M+1,138.96
6866,6867,2022-08-05,Producto mensual M+1,139.96
6873,6874,2022-08-08,Producto mensual M+1,139.99
6876,6877,2022-08-09,Producto mensual M+1,138.44
6879,6880,2022-08-10,Producto mensual M+1,141.57
6882,6883,2022-08-11,Producto mensual M+1,151.09
6885,6886,2022-08-12,Producto mensual M+1,145.38
6892,6893,2022-08-15,Producto mensual M+1,149.0
6895,6896,2022-08-16,Producto mensual M+1,162.57
6898,6899,2022-08-17,Producto mensual M+1,166.84
6901,6902,2022-08-18,Producto mensual M+1,166.49
6905,6906,2022-08-19,Producto mensual M+1,179.34
6914,6915,2022-08-22,Producto mensual M+1,216.01
6917,6918,2022-08-23,Producto mensual M+1,195.0
6920,6921,2022-08-24,Producto mensual M+1,208.9
6923,6924,2022-08-25,Producto mensual M+1,237.91
6926,6927,2022-08-26,Producto mensual M+1,228.49
6933,6934,2022-08-29,Producto mensual M+1,233.12
6936,6937,2022-08-30,Producto mensual M+1,208.96
6939,6940,2022-08-31,Producto mensual M+1,181.35
6942,6943,2022-09-01,Producto mensual M+1,172.5
6945,6946,2022-09-02,Producto mensual M+1,124.35
6952,6953,2022-09-05,Producto mensual M+1,145.0
6955,6956,2022-09-06,Producto mensual M+1,128.75
6958,6959,2022-09-07,Producto mensual M+1,129.7
6961,6962,2022-09-08,Producto mensual M+1,122.47
6965,6966,2022-09-09,Producto mensual M+1,131.43
6972,6973,2022-09-12,Producto mensual M+1,138.51
6975,6976,2022-09-13,Producto mensual M+1,146.96
6978,6979,2022-09-14,Producto mensual M+1,168.5
6981,6982,2022-09-15,Producto mensual M+1,161.65
6985,6986,2022-09-16,Producto mensual M+1,126.09
6992,6993,2022-09-19,Producto mensual M+1,220.0
6995,6996,2022-09-20,Producto mensual M+1,124.1
6998,6999,2022-09-21,Producto mensual M+1,130.96
7001,7002,2022-09-22,Producto mensual M+1,117.38
7004,7005,2022-09-23,Producto mensual M+1,116.45
7011,7012,2022-09-26,Producto mensual M+1,100.0
7015,7016,2022-09-27,Producto mensual M+1,114.02
7019,7020,2022-09-28,Producto mensual M+1,98.89
7023,7024,2022-09-29,Producto mensual M+1,90.72
7028,7029,2022-09-30,Producto mensual M+1,80.64
7035,7036,2022-10-03,Producto mensual M+1,99.14
7038,7039,2022-10-04,Producto mensual M+1,105.73
7041,7042,2022-10-05,Producto mensual M+1,106.62
7044,7045,2022-10-06,Producto mensual M+1,106.0
7047,7048,2022-10-07,Producto mensual M+1,90.0
7054,7055,2022-10-10,Producto mensual M+1,90.0
7057,7058,2022-10-11,Producto mensual M+1,93.57
7062,7063,2022-10-13,Producto mensual M+1,102.38
7065,7066,2022-10-14,Producto mensual M+1,92.72
7073,7074,2022-10-17,Producto mensual M+1,70.84
7076,7077,2022-10-18,Producto mensual M+1,60.0
7080,7081,2022-10-19,Producto mensual M+1,67.67
7084,7085,2022-10-20,Producto mensual M+1,73.95
7088,7089,2022-10-21,Producto mensual M+1,62.26
7095,7096,2022-10-24,Producto mensual M+1,53.38
7098,7099,2022-10-25,Producto mensual M+1,57.0
7101,7102,2022-10-26,Producto mensual M+1,63.42
7105,7106,2022-10-27,Producto mensual M+1,77.67
7108,7109,2022-10-28,Producto mensual M+1,85.25
7116,7117,2022-10-31,Producto mensual M+1,71.08
7121,7122,2022-11-02,Producto mensual M+1,100.72
7124,7125,2022-11-03,Producto mensual M+1,109.73
7127,7128,2022-11-04,Producto mensual M+1,98.86
7134,7135,2022-11-07,Producto mensual M+1,90.69
7137,7138,2022-11-08,Producto mensual M+1,88.67
7143,7144,2022-11-09,Producto mensual M+1,88.35
7147,7148,2022-11-10,Producto mensual M+1,83.73
7151,7152,2022-11-11,Producto mensual M+1,71.39
7160,7161,2022-11-14,Producto mensual M+1,72.45
7166,7167,2022-11-15,Producto mensual M+1,76.32
7171,7172,2022-11-16,Producto mensual M+1,71.66
7176,7177,2022-11-17,Producto mensual M+1,70.14
7182,7183,2022-11-18,Producto mensual M+1,73.2
7192,7193,2022-11-21,Producto mensual M+1,73.91
7197,7198,2022-11-22,Producto mensual M+1,74.58
7202,7203,2022-11-23,Producto mensual M+1,82.38
7207,7208,2022-11-24,Producto mensual M+1,90.62
7213,7214,2022-11-25,Producto mensual M+1,90.7
7221,7222,2022-11-28,Producto mensual M+1,92.26
7227,7228,2022-11-29,Producto mensual M+1,100.86
7231,7232,2022-11-30,Producto mensual M+1,122.37
